id,date,time,category,reason,cost,memo
1,2026-01-22,06:44,주거/통신,구독/OTT,13870,네이버파이낸셜주식회사
2,2026-01-21,23:42,생활/쇼핑,가전/가구,65990,롯데하이마트(주)
3,2026-01-21,19:54,식비,카페/간식,46000,다피타(da pit'ta)
4,2026-01-21,14:53,주거/통신,구독/OTT,13870,네이버파이낸셜주식회사
5,2026-01-21,09:57,문화/취미,영화/공연,2400,구글플레이_TOSS
6,2026-01-20,20:47,생활/쇼핑,생활용품,2100,씨유(CU)마곡센트럴점
7,2026-01-20,16:40,주거/통신,월세/관리비,75470,아파트관리비
8,2026-01-20,13:45,식비,외식,12000,한일생선구이전문점
9,2026-01-19,12:50,생활/쇼핑,생활용품,1600,지에스25 마곡나루6단지점
10,2026-01-19,12:27,식비,외식,15000,네이버페이
11,2026-01-18,20:43,생활/쇼핑,패션/미용,64420,네이버파이낸셜(주)
12,2026-01-17,14:05,생활/쇼핑,생활용품,3600,(주)이마트에브리데이 남부터미널점
13,2026-01-17,13:36,식비,카페/간식,500,카페온
14,2026-01-17,13:27,식비,외식,9500,허수아비
15,2026-01-16,21:29,생활/쇼핑,생활용품,9900,(주)티몬
16,2026-01-16,20:08,생활/쇼핑,생활용품,17100,(주)이마트에브리데이마곡나루점
17,2026-01-16,13:27,식비,외식,44700,주식회사 닥터키친
18,2026-01-15,20:10,생활/쇼핑,생활용품,2500,이마트 24 센트럴키오스크점
19,2026-01-15,19:44,식비,외식,24400,쉐이크쉑 센트럴시티점
20,2026-01-15,16:35,주거/통신,구독/OTT,29720,네이버파이낸셜주식회사
21,2026-01-15,13:07,식비,카페/간식,40000,드리옹17
22,2026-01-14,21:05,식비,외식,71500,송계옥 신도림점
23,2026-01-14,18:11,식비,카페/간식,3900,주식회사 에스씨케이컴퍼니
24,2026-01-14,10:41,건강/운동,병원/약국,9000,서리풀약국
25,2026-01-13,19:07,식비,카페/간식,3900,주식회사 에스씨케이컴퍼니
26,2026-01-13,08:42,식비,외식,6600,NICE결제대행
27,2026-01-12,14:26,교통/차량,대중교통,1450,경기시내버스_이비
28,2026-01-12,14:26,교통/차량,대중교통,1350,티머니 지하철
29,2026-01-11,21:46,생활/쇼핑,생활용품,52720,네이버파이낸셜(주)
30,2026-01-11,17:34,식비,식자재/장보기,25580,(주)이마트에브리데이 마곡나루점
31,2026-01-11,16:06,건강/운동,병원/약국,8400,삼성웰약국
32,2026-01-11,15:33,식비,카페/간식,5500,감성커피 미사역점
33,2026-01-11,14:45,교통/차량,대중교통,2400,티머니 버스
34,2026-01-10,22:18,식비,배달/야식,21500,(주)우아한형제들_KCP
35,2026-01-10,19:33,생활/쇼핑,생활용품,7100,GS25서울대입구역점
36,2026-01-10,19:04,생활/쇼핑,생활용품,2490,지에스 더 프레시 미사점
37,2026-01-10,13:55,생활/쇼핑,생활용품,16900,카카오쇼핑하기_카카오페이
38,2026-01-10,13:18,식비,외식,10000,허수아비
39,2026-01-10,08:46,식비,외식,2500,NICE_통신판매
40,2026-01-10,08:44,문화/취미,영화/공연,24000,메가박스_KPN
41,2026-01-09,22:24,식비,카페/간식,1800,아이스조아 18호점
42,2026-01-09,22:20,교통/차량,택시/호출,14200,카카오페이(택시)
43,2026-01-08,17:42,문화/취미,영화/공연,12900,네이버페이
44,2026-01-08,14:37,문화/취미,영화/공연,63500,네이버페이
45,2026-01-08,13:55,식비,외식,10000,매화
46,2026-01-08,09:25,주거/통신,통신비,23100,LOCA
47,2026-01-08,08:03,식비,카페/간식,4200,스타벅스_사이렌오더
48,2026-01-07,20:37,생활/쇼핑,생활용품,36000,티몬
49,2026-01-07,19:04,생활/쇼핑,생활용품,9000,다이소 신방화역점
50,2026-01-07,13:27,식비,카페/간식,500,카페온
51,2026-01-07,13:16,식비,외식,9000,주식회사 장꼬방
52,2026-01-06,19:50,생활/쇼핑,생활용품,1800,(주)골드그린마트
53,2026-01-06,19:20,식비,카페/간식,15500,PAYCO오더
54,2026-01-05,18:34,생활/쇼핑,생활용품,9290,이마트24 신방화점
55,2026-01-05,13:49,생활/쇼핑,생활용품,8250,세븐일레븐 부천원종로점
56,2026-01-05,08:22,생활/쇼핑,생활용품,1860,씨유 하남미사점
57,2026-01-05,08:21,생활/쇼핑,생활용품,9850,지에스(GS)25 미사한신점
58,2026-01-04,17:31,식비,식자재/장보기,16480,주식회사조양마트
59,2026-01-03,23:20,식비,식자재/장보기,29560,지에스 더 프레시 미사점
60,2026-01-03,21:43,식비,외식,26000,안철순
61,2026-01-03,18:46,식비,카페/간식,4000,스타벅스코리아
62,2026-01-03,08:35,식비,외식,5700,NICE결제대행
63,2026-01-02,19:18,생활/쇼핑,생활용품,6700,씨유(CU)마곡센트럴점
64,2026-01-02,08:33,식비,외식,6800,NICE결제대행
65,2026-01-01,18:44,식비,외식,11500,북창동순두부 (서초점)
66,2026-01-01,08:36,식비,외식,900,NICE_통신판매
67,2026-01-01,08:35,식비,외식,5800,NICE결제대행
68,2025-12-31,19:31,식비,외식,13000,시래마루강동점
69,2025-12-31,13:00,식비,외식,5900,NICE결제대행
70,2025-12-30,19:35,식비,식자재/장보기,18670,(주)골드그린마트
71,2025-12-30,19:30,생활/쇼핑,생활용품,2750,지에스25(GS25)마곡나루점
72,2025-12-30,08:42,식비,외식,5900,NICE_통신판매
73,2025-12-28,20:45,식비,외식,4000,김밥천국
74,2025-12-28,19:13,식비,카페/간식,47000,놀숲서울대입구점
75,2025-12-28,13:17,식비,카페/간식,2000,메가엠지씨커피미사역점
76,2025-12-27,22:30,식비,배달/야식,21000,(주)우아한형제들
77,2025-12-27,22:06,교통/차량,택시/호출,6800,티머니택시_0
78,2025-12-27,21:32,식비,카페/간식,4500,블랙모티브
79,2025-12-27,21:30,식비,카페/간식,6000,블랙모티브
80,2025-12-27,21:24,식비,외식,102000,대신수산
81,2025-12-27,18:04,식비,카페/간식,5900,(주)케이지이니시스
82,2025-12-27,09:48,식비,배달/야식,24137,네이버페이
83,2025-12-27,08:35,식비,외식,5900,NICE결제대행
84,2025-12-26,19:07,생활/쇼핑,생활용품,2000,주식회사 아성다이소
85,2025-12-26,18:33,식비,외식,10000,푸드카페 김밥천국 신논현역점
86,2025-12-26,08:33,식비,외식,5900,NICE결제대행
87,2025-12-25,18:04,교육/계발,도서/문구,19,KCP-알라딘커뮤니케이션
88,2025-12-25,18:02,교육/계발,도서/문구,149,문화비(알라딘)_KCP
89,2025-12-25,16:58,식비,카페/간식,5800,얼음과자(마곡나루점)
90,2025-12-25,13:39,식비,배달/야식,34500,(주)우아한형제들
91,2025-12-25,10:44,문화/취미,영화/공연,38333,카카오_카카오페이
92,2025-12-24,21:42,식비,카페/간식,8700,파리바게뜨충무로역
93,2025-12-24,21:29,식비,외식,39000,진포식당
94,2025-12-24,08:28,식비,외식,5900,NICE결제대행
95,2025-12-23,20:37,식비,식자재/장보기,5580,(주)골드그린마트
96,2025-12-23,08:36,식비,외식,5900,NICE결제대행
97,2025-12-23,00:23,생활/쇼핑,생활용품,11500,GS25 봉천 낙성점
98,2025-12-22,20:50,식비,카페/간식,3000,KOCES_자판기_일반
99,2025-12-22,20:43,식비,카페/간식,12000,벌툰 신림점
100,2025-12-22,18:38,식비,외식,44000,작은피자집
101,2025-12-22,17:07,식비,카페/간식,7600,카페 우야우(cafe ooyaoo)
102,2025-12-22,16:26,식비,카페/간식,20500,헬무트커피로스터스
103,2025-12-19,22:27,생활/쇼핑,생활용품,10980,(주)이마트에브리데이 마곡나루점
104,2025-12-19,22:26,생활/쇼핑,생활용품,1580,(주)이마트에브리데이마곡나루점
105,2025-12-19,19:29,식비,카페/간식,12900,주식회사 에스씨케이컴퍼니
106,2025-12-19,19:25,식비,외식,31000,레몬그라스 타이
107,2025-12-19,13:26,식비,외식,10000,매화
108,2025-12-19,08:32,식비,외식,5900,NICE결제대행
109,2025-12-19,01:11,생활/쇼핑,생활용품,1400,CU 관악이글점
110,2025-12-19,00:43,식비,카페/간식,1200,자판기3
111,2025-12-19,00:12,식비,외식,169100,삼촌숯불곱창
112,2025-12-18,16:47,주거/통신,월세/관리비,83730,아파트관리비
113,2025-12-18,13:39,생활/쇼핑,생활용품,4650,(주)이마트에브리데이 남부터미널점
114,2025-12-18,13:20,식비,외식,5000,단풍애 김밥 남부터미널점
115,2025-12-18,08:35,식비,외식,5900,NICE결제대행
116,2025-12-17,19:40,생활/쇼핑,생활용품,2000,주식회사 아성다이소
117,2025-12-17,18:55,식비,외식,11500,북창동순두부 (서초점)
118,2025-12-16,08:39,식비,카페/간식,1300,바나프레소 남부터미널점
119,2025-12-16,08:31,식비,외식,5900,NICE결제대행
120,2025-12-15,18:09,문화/취미,영화/공연,2400,구글페이먼트
121,2025-12-14,18:18,생활/쇼핑,생활용품,8980,(주)이마트에브리데이 마곡나루점
122,2025-12-14,17:58,식비,배달/야식,10900,(주)우아한형제들
123,2025-12-14,17:35,교육/계발,도서/문구,15100,알라딘중고서점 (잠실점)문화비
124,2025-12-14,12:01,생활/쇼핑,생활용품,7800,GS25 봉천 낙성점
125,2025-12-14,09:59,식비,카페/간식,4500,주식회사 에스씨케이컴퍼니
126,2025-12-14,09:50,식비,외식,14500,오월의김밥
127,2025-12-13,21:42,식비,외식,3000,과일에반하다프루타 미사점
128,2025-12-13,21:40,식비,외식,60000,빈이네양꼬치
129,2025-12-13,08:31,식비,외식,5900,NICE결제대행
130,2025-12-12,13:30,생활/쇼핑,생활용품,4340,우정사업본부(우체국)
131,2025-12-12,13:14,생활/쇼핑,생활용품,400,공공기관_KPN
132,2025-12-12,08:34,식비,외식,5900,NICE결제대행
133,2025-12-11,19:29,식비,식자재/장보기,14900,(주)골드그린마트
134,2025-12-11,19:04,식비,배달/야식,19425,(주)우아한형제들_TOSS
135,2025-12-11,09:22,주거/통신,통신비,23100,LOCA
136,2025-12-11,08:28,식비,외식,5900,NICE결제대행
137,2025-12-10,19:58,생활/쇼핑,생활용품,1980,(주)골드그린마트
138,2025-12-10,19:56,식비,외식,14000,수라면가
139,2025-12-10,13:22,생활/쇼핑,생활용품,2800,공공기관_KPN
140,2025-12-10,08:27,식비,외식,5900,NICE결제대행
141,2025-12-09,19:31,식비,외식,9900,명가통닭 마곡나루점
142,2025-12-09,08:34,식비,외식,5900,NICE결제대행
143,2025-12-09,08:22,식비,배달/야식,26800,네이버페이
144,2025-12-08,10:19,식비,카페/간식,10900,식사준비 마곡나루
145,2025-12-07,20:01,식비,외식,7500,마리짱
146,2025-12-07,12:39,식비,식자재/장보기,8790,지에스더프레시미사점
147,2025-12-07,12:39,식비,식자재/장보기,21820,지에스 더 프레시 미사점
148,2025-12-07,09:52,식비,카페/간식,5000,스타벅스_사이렌오더
149,2025-12-06,22:07,생활/쇼핑,생활용품,11000,GS25 봉천 낙성점
150,2025-12-06,21:55,주거/통신,구독/OTT,9900,Apple
151,2025-12-06,21:27,식비,외식,1800,BKR버거킹사당역점
152,2025-12-06,11:51,식비,카페/간식,5500,(주)케이지이니시스
153,2025-12-06,11:10,식비,카페/간식,5500,주식회사 에스씨케이컴퍼니
154,2025-12-06,11:05,식비,카페/간식,22600,스타벅스_사이렌오더
155,2025-12-06,08:26,식비,외식,5900,NICE결제대행
156,2025-12-05,20:49,생활/쇼핑,생활용품,11000,씨유(CU)마곡센트럴점
157,2025-12-05,19:21,생활/쇼핑,생활용품,4000,(주)다이소아성산업
158,2025-12-05,19:17,생활/쇼핑,생활용품,4000,(주)다이소아성산업
159,2025-12-05,15:01,관계,경조사/선물,9800,선물하기_카카오페이
160,2025-12-05,08:40,식비,외식,5900,NICE결제대행
161,2025-12-04,08:31,식비,외식,5900,NICE결제대행
162,2025-12-04,08:20,관계,경조사/선물,459570,지마켓
163,2025-12-03,19:37,식비,외식,16000,시래마루 강동점
164,2025-12-03,08:30,식비,외식,5900,NICE결제대행
165,2025-12-02,08:37,식비,외식,5700,NICE결제대행
166,2025-11-30,21:10,생활/쇼핑,생활용품,5940,(주)이마트에브리데이 마곡나루점
167,2025-11-30,21:09,생활/쇼핑,생활용품,5980,(주)이마트에브리데이 마곡나루점
168,2025-11-30,14:09,생활/쇼핑,패션/미용,42000,(주)현대백화점천호점
169,2025-11-30,14:01,생활/쇼핑,패션/미용,9200,(주)현대백화점천호점
170,2025-11-30,10:36,식비,카페/간식,5000,스타벅스코리아
171,2025-11-30,10:33,식비,카페/간식,17700,주식회사 쟝블랑제리
172,2025-11-30,10:25,식비,식자재/장보기,27990,지에스더프레시미사점
173,2025-11-29,23:46,생활/쇼핑,생활용품,12700,씨유(CU) 행운야베스점
174,2025-11-29,22:47,생활/쇼핑,생활용품,29070,지에스 더 프레시 미사점
175,2025-11-29,19:31,건강/운동,병원/약국,46300,미즈컨테이너강남웨스트(주)에스
176,2025-11-29,18:29,식비,카페/간식,3300,스타벅스코리아
177,2025-11-29,09:48,식비,배달/야식,24137,네이버페이
178,2025-11-29,08:39,식비,외식,900,NICE결제대행
179,2025-11-29,08:31,식비,외식,5900,NICE결제대행
180,2025-11-28,08:41,식비,외식,5900,NICE결제대행
181,2025-11-27,18:05,생활/쇼핑,생활용품,13980,(주)이마트에브리데이 남부터미널점
182,2025-11-27,18:04,교육/계발,도서/문구,19,KCP-알라딘커뮤니케이션
183,2025-11-27,18:02,교육/계발,도서/문구,149,문화비(알라딘)_KCP
184,2025-11-27,08:37,식비,외식,1100,NICE_통신판매
185,2025-11-27,08:36,식비,외식,5900,NICE결제대행
186,2025-11-26,08:35,식비,외식,2700,NICE_통신판매
187,2025-11-26,07:41,식비,배달/야식,12870,네이버페이
188,2025-11-25,22:12,생활/쇼핑,생활용품,7500,씨유(CU)마곡센트럴점
189,2025-11-25,21:45,식비,배달/야식,35950,쿠팡(주)
190,2025-11-25,21:14,생활/쇼핑,생활용품,34870,대표_네이버페이_1
191,2025-11-25,13:36,식비,카페/간식,3800,고품격커피공장(서일점)
192,2025-11-25,08:41,식비,외식,2700,NICE_통신판매
193,2025-11-24,22:23,식비,배달/야식,22500,(주)우아한형제들_TOSS
194,2025-11-23,22:56,식비,카페/간식,2200,빵꾸똥꾸야 마곡나루점
195,2025-11-23,22:53,생활/쇼핑,생활용품,3000,(주)이마트에브리데이마곡나루점
196,2025-11-23,20:57,식비,카페/간식,55700,놀숲서울대입구점
197,2025-11-23,14:46,식비,카페/간식,8000,듀레스트
198,2025-11-23,14:36,식비,외식,28000,시골집
199,2025-11-23,11:07,식비,카페/간식,4300,커피나무 미사역점
200,2025-11-22,23:00,생활/쇼핑,생활용품,21680,지에스 더 프레시 미사점
201,2025-11-22,22:49,식비,카페/간식,5500,몽마베이커리
202,2025-11-22,22:43,식비,외식,77000,딱 좋아
203,2025-11-22,19:41,생활/쇼핑,생활용품,4000,(주)다이소아성산업
204,2025-11-22,08:27,식비,외식,5900,NICE_통신판매
205,2025-11-21,14:37,교통/차량,대중교통,1650,티머니 지하철
206,2025-11-21,14:37,교통/차량,대중교통,1200,티머니 버스
207,2025-11-21,14:37,교통/차량,대중교통,250,경기시내버스_이비
208,2025-11-21,08:21,식비,외식,5900,NICE_통신판매
209,2025-11-20,19:28,식비,식자재/장보기,5790,(주)골드그린마트
210,2025-11-20,16:41,주거/통신,월세/관리비,88760,아파트관리비
211,2025-11-20,13:32,식비,외식,9000,송쉐프
212,2025-11-18,17:46,생활/쇼핑,패션/미용,23000,쿠팡(쿠페이)
213,2025-11-18,09:45,관계,경조사/선물,50000,배달의민족_선물하기
214,2025-11-17,11:39,생활/쇼핑,패션/미용,43440,네이버파이낸셜(주)
215,2025-11-16,14:52,식비,카페/간식,19800,(주)학산 테라로사커피 국립현대미술관(서울관)지점
216,2025-11-16,12:46,교통/차량,택시/호출,4800,티머니택시_0
217,2025-11-16,12:37,식비,외식,26000,금성관 나주곰탕
218,2025-11-16,00:01,생활/쇼핑,생활용품,6000,이마트24 한국은행점
219,2025-11-15,23:32,문화/취미,영화/공연,17500,네이버페이
220,2025-11-15,19:30,생활/쇼핑,생활용품,36500,(주)이마트에브리데이 마곡나루점
221,2025-11-15,13:15,식비,외식,8500,일등카레
222,2025-11-15,08:40,식비,카페/간식,2200,빽다방
223,2025-11-14,18:45,교통/차량,자차/주유,38000,해뜨는주유소
224,2025-11-14,12:45,식비,외식,7200,미스사이공 독산역점
225,2025-11-14,08:20,생활/쇼핑,생활용품,1500,GS25 독산우림점
226,2025-11-13,19:00,식비,배달/야식,27500,(주)우아한형제들
227,2025-11-13,15:00,식비,카페/간식,9500,스타벅스
228,2025-11-13,09:30,관계,데이트/모임,72000,프렌치레스토랑
229,2025-11-12,20:00,생활/쇼핑,생활용품,2200,씨유(CU)마곡나루리버스
230,2025-11-12,13:00,식비,외식,6500,푸드명가
231,2025-11-12,08:35,식비,카페/간식,1800,매머드익스프레스독산점
232,2025-11-11,18:00,생활/쇼핑,생활용품,34800,(주)골드그린마트
233,2025-11-11,12:30,식비,외식,6500,다운푸드
234,2025-11-11,08:25,생활/쇼핑,생활용품,1500,GS25 독산우림점
235,2025-11-10,19:30,식비,배달/야식,29500,(주)우아한형제들
236,2025-11-10,15:00,생활/쇼핑,패션/미용,58000,화장품
237,2025-11-10,09:00,주거/통신,월세/관리비,78500,아파트관리비
238,2025-11-09,19:45,교통/차량,자차/주유,36000,시티홀오일프라자
239,2025-11-09,13:15,식비,외식,5200,김가네
240,2025-11-09,08:40,식비,카페/간식,1800,매머드익스프레스독산점
241,2025-11-08,18:30,생활/쇼핑,생활용품,9800,GS25 마곡나루6단지점
242,2025-11-08,12:45,식비,외식,6800,쉐프의밥상
243,2025-11-08,08:20,생활/쇼핑,생활용품,1500,GS25 독산우림점
244,2025-11-07,19:00,생활/쇼핑,생활용품,27500,(주)이마트에브리데이
245,2025-11-07,14:30,식비,카페/간식,14500,투썸플레이스
246,2025-11-07,09:00,건강/운동,병원/약국,35000,병원
247,2025-11-06,20:00,식비,배달/야식,28000,(주)우아한형제들
248,2025-11-06,13:00,식비,외식,8500,일등카레
249,2025-11-06,08:35,식비,카페/간식,2200,빽다방
250,2025-11-05,19:45,교통/차량,자차/주유,38000,해뜨는주유소
251,2025-11-05,12:30,식비,외식,7200,미스사이공 독산역점
252,2025-11-05,08:25,생활/쇼핑,생활용품,1500,GS25 독산우림점
253,2025-11-04,18:30,생활/쇼핑,생활용품,30500,(주)골드그린마트
254,2025-11-04,13:15,식비,외식,6500,푸드명가
255,2025-11-04,08:40,식비,카페/간식,1800,매머드익스프레스독산점
256,2025-11-03,19:30,식비,카페/간식,8500,카페
257,2025-11-03,15:00,관계,데이트/모임,62000,일식당
258,2025-11-03,09:00,문화/취미,영화/공연,23500,예스이십사 주식회사
259,2025-11-02,20:00,생활/쇼핑,생활용품,2200,씨유(CU)마곡나루리버스
260,2025-11-02,12:45,식비,외식,6500,다운푸드
261,2025-11-02,08:20,생활/쇼핑,생활용품,1500,GS25 독산우림점
262,2025-11-01,19:30,생활/쇼핑,생활용품,33500,(주)이마트에브리데이
263,2025-11-01,13:00,식비,외식,5200,김가네
264,2025-11-01,08:35,식비,카페/간식,1800,매머드익스프레스독산점
265,2025-10-31,18:45,교통/차량,자차/주유,35000,백제주유소
266,2025-10-31,12:30,식비,외식,6800,쉐프의밥상
267,2025-10-31,08:25,생활/쇼핑,생활용품,1500,GS25 독산우림점
268,2025-10-30,19:00,식비,배달/야식,29000,(주)우아한형제들
269,2025-10-30,14:30,식비,카페/간식,8800,스타벅스
270,2025-10-30,09:00,주거/통신,공과금,52000,전기요금
271,2025-10-29,19:45,식비,배달/야식,27000,(주)우아한형제들
272,2025-10-29,13:15,식비,외식,8500,일등카레
273,2025-10-29,08:40,식비,카페/간식,2200,빽다방
274,2025-10-28,18:30,생활/쇼핑,생활용품,32800,(주)골드그린마트
275,2025-10-28,12:45,식비,외식,7200,미스사이공 독산역점
276,2025-10-28,08:20,생활/쇼핑,생활용품,1500,GS25 독산우림점
277,2025-10-27,20:00,생활/쇼핑,생활용품,9500,GS25 마곡나루6단지점
278,2025-10-27,14:00,식비,카페/간식,7500,카페
279,2025-10-27,09:00,교육/계발,강의/수강,45000,온라인강의
280,2025-10-26,19:30,생활/쇼핑,생활용품,39500,(주)이마트에브리데이 마곡나루점
281,2025-10-26,13:00,식비,외식,6500,푸드명가
282,2025-10-26,08:35,식비,카페/간식,1800,매머드익스프레스독산점
283,2025-10-25,18:45,교통/차량,자차/주유,38000,해뜨는주유소
284,2025-10-25,12:30,식비,외식,6500,다운푸드
285,2025-10-25,08:25,생활/쇼핑,생활용품,1500,GS25 독산우림점
286,2025-10-24,19:00,식비,배달/야식,28500,(주)우아한형제들
287,2025-10-24,14:30,식비,카페/간식,14200,투썸플레이스
288,2025-10-24,09:30,생활/쇼핑,패션/미용,89000,의류매장
289,2025-10-23,20:00,생활/쇼핑,생활용품,2200,씨유(CU)마곡나루리버스
290,2025-10-23,13:15,식비,외식,5200,김가네
291,2025-10-23,08:40,식비,카페/간식,1800,매머드익스프레스독산점
292,2025-10-22,19:30,식비,배달/야식,26000,(주)우아한형제들
293,2025-10-22,12:45,식비,외식,6800,쉐프의밥상
294,2025-10-22,08:20,생활/쇼핑,생활용품,1500,GS25 독산우림점
295,2025-10-21,18:30,생활/쇼핑,생활용품,31500,(주)골드그린마트
296,2025-10-21,13:00,식비,외식,8500,일등카레
297,2025-10-21,08:35,식비,카페/간식,2200,빽다방
298,2025-10-20,20:00,생활/쇼핑,생활용품,8800,GS25 마곡나루6단지점
299,2025-10-20,15:00,식비,카페/간식,9200,스타벅스
300,2025-10-20,09:00,관계,데이트/모임,55000,한식당
301,2025-10-19,19:45,교통/차량,자차/주유,36000,시티홀오일프라자
302,2025-10-19,12:30,식비,외식,7200,미스사이공 독산역점
303,2025-10-19,08:25,생활/쇼핑,생활용품,1500,GS25 독산우림점
304,2025-10-18,18:30,생활/쇼핑,생활용품,28900,(주)이마트에브리데이
305,2025-10-18,13:15,식비,외식,6500,푸드명가
306,2025-10-18,08:40,식비,카페/간식,1800,매머드익스프레스독산점
307,2025-10-17,19:00,식비,배달/야식,27500,(주)우아한형제들
308,2025-10-17,14:30,식비,카페/간식,7200,카페
309,2025-10-17,09:00,건강/운동,병원/약국,25000,약국
310,2025-10-16,20:00,생활/쇼핑,생활용품,2200,씨유(CU)마곡나루리버스
311,2025-10-16,12:45,식비,외식,6500,다운푸드
312,2025-10-16,08:20,생활/쇼핑,생활용품,1500,GS25 독산우림점
313,2025-10-15,19:30,생활/쇼핑,생활용품,35800,(주)골드그린마트
314,2025-10-15,13:00,식비,외식,5200,김가네
315,2025-10-15,08:35,식비,카페/간식,1800,매머드익스프레스독산점
316,2025-10-14,18:45,교통/차량,자차/주유,38000,해뜨는주유소
317,2025-10-14,12:30,식비,외식,6800,쉐프의밥상
318,2025-10-14,08:25,생활/쇼핑,생활용품,1500,GS25 독산우림점
319,2025-10-13,19:00,식비,배달/야식,29500,(주)우아한형제들
320,2025-10-13,14:30,식비,카페/간식,13800,투썸플레이스
321,2025-10-13,09:30,문화/취미,영화/공연,28000,CGV
322,2025-10-12,20:00,생활/쇼핑,생활용품,8500,GS25 마곡나루6단지점
323,2025-10-12,13:15,식비,외식,8500,일등카레
324,2025-10-12,08:40,식비,카페/간식,1800,매머드익스프레스독산점
325,2025-10-11,18:30,생활/쇼핑,생활용품,32500,(주)이마트에브리데이
326,2025-10-11,12:45,식비,외식,7200,미스사이공 독산역점
327,2025-10-11,08:20,생활/쇼핑,생활용품,1500,GS25 독산우림점
328,2025-10-10,19:00,식비,배달/야식,28500,(주)우아한형제들
329,2025-10-10,15:00,관계,경조사/선물,50000,선물하기_카카오페이
330,2025-10-10,09:00,주거/통신,월세/관리비,78500,아파트관리비
331,2025-10-09,20:00,생활/쇼핑,생활용품,2200,씨유(CU)마곡나루리버스
332,2025-10-09,12:30,식비,외식,6500,푸드명가
333,2025-10-09,08:35,식비,카페/간식,1800,매머드익스프레스독산점
334,2025-10-08,19:45,교통/차량,자차/주유,35000,백제주유소
335,2025-10-08,13:00,식비,외식,6500,다운푸드
336,2025-10-08,08:25,식비,카페/간식,2200,빽다방
337,2025-10-07,18:30,생활/쇼핑,생활용품,29500,(주)골드그린마트
338,2025-10-07,12:45,식비,외식,5200,김가네
339,2025-10-07,08:30,생활/쇼핑,생활용품,1500,GS25 독산우림점
340,2025-10-06,19:30,식비,배달/야식,26500,(주)우아한형제들
341,2025-10-06,14:00,관계,데이트/모임,15000,카페
342,2025-10-06,09:00,교육/계발,도서/문구,24500,알라딘
343,2025-10-05,20:00,생활/쇼핑,생활용품,9200,GS25 마곡나루6단지점
344,2025-10-05,13:15,식비,외식,6800,쉐프의밥상
345,2025-10-05,08:40,식비,카페/간식,1800,매머드익스프레스독산점
346,2025-10-04,18:00,생활/쇼핑,생활용품,42500,(주)이마트에브리데이 마곡나루점
347,2025-10-04,12:30,식비,외식,8500,일등카레
348,2025-10-04,08:25,생활/쇼핑,생활용품,1500,GS25 독산우림점
349,2025-10-03,19:00,식비,배달/야식,27000,(주)우아한형제들
350,2025-10-03,14:30,식비,카페/간식,8200,스타벅스
351,2025-10-03,09:30,금융,보험/세금,38500,흥국화재해상보험(주)
352,2025-10-02,20:00,생활/쇼핑,생활용품,2200,씨유(CU)마곡나루리버스
353,2025-10-02,13:00,식비,외식,7200,미스사이공 독산역점
354,2025-10-02,08:20,생활/쇼핑,생활용품,1500,GS25 독산우림점
355,2025-10-01,18:30,교통/차량,자차/주유,38000,해뜨는주유소
356,2025-10-01,12:45,식비,외식,6500,푸드명가
357,2025-10-01,08:35,식비,카페/간식,1800,매머드익스프레스독산점
358,2025-09-30,14:00,생활/쇼핑,패션/미용,52000,화장품매장
359,2025-09-30,09:00,주거/통신,구독/OTT,14500,넷플릭스
360,2025-09-29,19:45,식비,배달/야식,25500,(주)우아한형제들
361,2025-09-29,13:30,식비,외식,6500,다운푸드
362,2025-09-29,08:25,식비,카페/간식,2200,빽다방
363,2025-09-28,18:00,생활/쇼핑,생활용품,33800,(주)골드그린마트
364,2025-09-28,12:15,식비,외식,5200,김가네
365,2025-09-28,08:30,생활/쇼핑,생활용품,1500,GS25 독산우림점
366,2025-09-27,20:00,생활/쇼핑,생활용품,8900,GS25 마곡나루6단지점
367,2025-09-27,15:30,식비,카페/간식,7500,카페
368,2025-09-27,10:00,관계,데이트/모임,68000,프렌치레스토랑
369,2025-09-26,19:30,생활/쇼핑,생활용품,28500,(주)이마트에브리데이
370,2025-09-26,13:00,식비,외식,8500,일등카레
371,2025-09-26,08:35,식비,카페/간식,1800,매머드익스프레스독산점
372,2025-09-25,18:30,교통/차량,자차/주유,36000,시티홀오일프라자
373,2025-09-25,12:45,식비,외식,6800,쉐프의밥상
374,2025-09-25,08:25,생활/쇼핑,생활용품,1500,GS25 독산우림점
375,2025-09-24,19:00,식비,배달/야식,29000,(주)우아한형제들
376,2025-09-24,14:00,식비,카페/간식,14500,투썸플레이스
377,2025-09-24,09:30,건강/운동,운동/헬스,85000,휘트니스센터
378,2025-09-23,20:00,생활/쇼핑,생활용품,2200,씨유(CU)마곡나루리버스
379,2025-09-23,13:15,식비,외식,7200,미스사이공 독산역점
380,2025-09-23,08:40,식비,카페/간식,1800,매머드익스프레스독산점
381,2025-09-22,18:00,생활/쇼핑,생활용품,31200,(주)골드그린마트
382,2025-09-22,12:30,식비,외식,6500,푸드명가
383,2025-09-22,08:20,생활/쇼핑,생활용품,1500,GS25 독산우림점
384,2025-09-21,20:00,생활/쇼핑,생활용품,12500,편의점
385,2025-09-21,15:00,식비,외식,72000,해산물집
386,2025-09-21,09:00,문화/취미,여행,95000,Agoda_NICE
387,2025-09-20,19:45,식비,배달/야식,27500,(주)우아한형제들
388,2025-09-20,13:20,식비,외식,6500,다운푸드
389,2025-09-20,08:35,식비,카페/간식,1800,매머드익스프레스독산점
390,2025-09-19,18:30,생활/쇼핑,생활용품,36500,(주)이마트에브리데이 마곡나루점
391,2025-09-19,12:45,식비,외식,8500,일등카레
392,2025-09-19,08:25,식비,카페/간식,2200,빽다방
393,2025-09-18,19:00,교통/차량,자차/주유,38000,해뜨는주유소
394,2025-09-18,13:00,식비,외식,5200,김가네
395,2025-09-18,08:30,생활/쇼핑,생활용품,1500,GS25 독산우림점
396,2025-09-17,18:00,식비,카페/간식,8500,스타벅스
397,2025-09-17,14:30,관계,데이트/모임,58000,일식당
398,2025-09-17,10:00,문화/취미,영화/공연,21500,예스이십사 주식회사
399,2025-09-16,20:00,생활/쇼핑,생활용품,2200,씨유(CU)마곡나루리버스
400,2025-09-16,12:00,식비,외식,7200,미스사이공 독산역점
401,2025-09-16,08:40,식비,카페/간식,1800,매머드익스프레스독산점
402,2025-09-15,19:30,식비,배달/야식,25000,(주)우아한형제들
403,2025-09-15,13:45,식비,외식,6800,쉐프의밥상
404,2025-09-15,09:00,주거/통신,통신비,24500,LOCA
405,2025-09-14,18:00,생활/쇼핑,생활용품,29800,(주)골드그린마트
406,2025-09-14,12:30,식비,외식,6500,푸드명가
407,2025-09-14,08:25,생활/쇼핑,생활용품,1500,GS25 독산우림점
408,2025-09-13,20:00,생활/쇼핑,생활용품,24800,(주)이마트에브리데이
409,2025-09-13,15:00,식비,카페/간식,6500,카페
410,2025-09-13,10:30,건강/운동,병원/약국,18000,삼성서울병원
411,2025-09-12,19:30,식비,배달/야식,26500,(주)우아한형제들
412,2025-09-12,13:15,식비,외식,6500,다운푸드
413,2025-09-12,08:35,식비,카페/간식,1800,매머드익스프레스독산점
414,2025-09-11,18:45,교통/차량,자차/주유,35000,백제주유소
415,2025-09-11,12:40,식비,외식,8500,일등카레
416,2025-09-11,08:20,생활/쇼핑,생활용품,1500,GS25 독산우림점
417,2025-09-10,19:00,생활/쇼핑,생활용품,32500,(주)골드그린마트
418,2025-09-10,14:30,생활/쇼핑,패션/미용,42000,올리브영
419,2025-09-10,09:00,주거/통신,월세/관리비,78500,아파트관리비
420,2025-09-09,20:00,생활/쇼핑,생활용품,2200,씨유(CU)마곡나루리버스
421,2025-09-09,13:30,식비,외식,7200,미스사이공 독산역점
422,2025-09-09,08:25,식비,카페/간식,1800,매머드익스프레스독산점
423,2025-09-08,18:30,생활/쇼핑,생활용품,21500,(주)이마트에브리데이
424,2025-09-08,12:15,식비,외식,5200,김가네
425,2025-09-08,08:30,생활/쇼핑,생활용품,1500,GS25 독산우림점
426,2025-09-07,20:00,생활/쇼핑,생활용품,2200,씨유(CU)마곡나루리버스
427,2025-09-07,15:30,식비,카페/간식,13500,투썸플레이스
428,2025-09-07,10:00,관계,데이트/모임,52000,이탈리안레스토랑
429,2025-09-06,19:45,식비,배달/야식,28000,(주)우아한형제들
430,2025-09-06,13:20,식비,외식,6500,푸드명가
431,2025-09-06,08:40,식비,카페/간식,1800,매머드익스프레스독산점
432,2025-09-05,20:30,생활/쇼핑,생활용품,9500,GS25 마곡나루6단지점
433,2025-09-05,13:00,식비,외식,6800,쉐프의밥상
434,2025-09-05,08:20,식비,카페/간식,2200,빽다방
435,2025-09-04,19:00,교통/차량,자차/주유,38000,해뜨는주유소
436,2025-09-04,12:45,식비,외식,8500,일등카레
437,2025-09-04,08:35,생활/쇼핑,생활용품,2200,씨유(CU)마곡나루리버스
438,2025-09-03,20:15,생활/쇼핑,생활용품,35800,(주)골드그린마트
439,2025-09-03,15:20,식비,카페/간식,7200,스타벅스
440,2025-09-03,09:30,문화/취미,영화/공연,26000,CGV
441,2025-09-02,19:30,식비,배달/야식,24500,(주)우아한형제들
442,2025-09-02,13:10,식비,외식,6500,다운푸드
443,2025-09-02,08:25,식비,카페/간식,1800,매머드익스프레스독산점
444,2025-09-01,18:45,생활/쇼핑,생활용품,18900,(주)이마트에브리데이 마곡나루점
445,2025-09-01,12:30,식비,외식,7200,미스사이공 독산역점
446,2025-09-01,08:15,생활/쇼핑,생활용품,1500,GS25 독산우림점
447,2025-08-31,18:30:00,생활/쇼핑,생활용품,15800,쿠팡 생활용품
448,2025-08-31,12:20:00,식비,카페/간식,5500,스타벅스
449,2025-08-30,20:15:00,식비,배달/야식,28000,치킨 배달
450,2025-08-30,14:30:00,생활/쇼핑,생활용품,12400,쿠팡 구매
451,2025-08-29,19:20:00,식비,외식,45000,저녁 외식
452,2025-08-29,11:40:00,식비,카페/간식,6800,카페
453,2025-08-28,21:30:00,생활/쇼핑,생활용품,23400,쿠팡 구매
454,2025-08-28,16:20:00,주거/통신,구독/OTT,17000,넷플릭스
455,2025-08-27,14:20:00,생활/쇼핑,생활용품,8900,다이소
456,2025-08-27,09:30:00,교통/차량,대중교통,3500,교통카드 충전
457,2025-08-26,17:45:00,식비,식자재/장보기,67800,마트 장보기
458,2025-08-26,12:15:00,식비,카페/간식,4500,커피
459,2025-08-25,20:00:00,식비,배달/야식,32000,족발 배달
460,2025-08-25,13:20:00,식비,카페/간식,6800,카페
461,2025-08-24,18:30:00,생활/쇼핑,패션/미용,89000,의류 구매
462,2025-08-24,10:20:00,생활/쇼핑,생활용품,15900,쿠팡
463,2025-08-23,15:40:00,식비,식자재/장보기,45600,올스타마트
464,2025-08-23,09:10:00,식비,카페/간식,5200,스타벅스
465,2025-08-22,19:30:00,식비,술/유흥,55000,회식
466,2025-08-22,12:10:00,식비,카페/간식,4500,커피
467,2025-08-21,14:20:00,생활/쇼핑,생활용품,18900,쿠팡
468,2025-08-21,08:30:00,주거/통신,통신비,48990,휴대폰 요금
469,2025-08-20,21:00:00,식비,배달/야식,25000,치킨
470,2025-08-20,16:30:00,생활/쇼핑,생활용품,12400,생필품
471,2025-08-19,11:20:00,교통/차량,자차/주유,85000,주유
472,2025-08-18,18:00:00,금융,보험/세금,133525,보험료
473,2025-08-18,18:00:00,금융,보험/세금,31000,보험료
474,2025-08-18,18:00:00,금융,보험/세금,29500,보험료
475,2025-08-17,20:30:00,식비,외식,38000,저녁 식사
476,2025-08-17,13:40:00,식비,카페/간식,7200,디저트
477,2025-08-16,15:40:00,생활/쇼핑,생활용품,27600,쿠팡
478,2025-08-16,10:20:00,교통/차량,대중교통,35000,교통비
479,2025-08-15,19:00:00,식비,술/유흥,48000,술집
480,2025-08-15,12:30:00,식비,카페/간식,6500,카페
481,2025-08-14,17:30:00,생활/쇼핑,생활용품,15900,쿠팡
482,2025-08-14,09:20:00,생활/쇼핑,생활용품,3500,편의점
483,2025-08-13,21:00:00,식비,배달/야식,29000,배달
484,2025-08-13,14:40:00,금융,보험/세금,9830,보험료
485,2025-08-12,16:20:00,생활/쇼핑,생활용품,21400,생필품
486,2025-08-12,11:30:00,식비,카페/간식,5800,커피
487,2025-08-11,18:50:00,식비,외식,52000,외식
488,2025-08-11,13:20:00,생활/쇼핑,생활용품,18400,쿠팡
489,2025-08-10,20:30:00,생활/쇼핑,생활용품,33200,쿠팡
490,2025-08-10,12:10:00,식비,카페/간식,5800,카페
491,2025-08-09,15:20:00,생활/쇼핑,생활용품,11700,다이소
492,2025-08-09,09:40:00,식비,카페/간식,4500,커피
493,2025-08-08,19:00:00,식비,배달/야식,31000,배달
494,2025-08-08,14:30:00,생활/쇼핑,생활용품,16800,쿠팡
495,2025-08-07,17:20:00,식비,식자재/장보기,58900,마트 장보기
496,2025-08-07,11:10:00,식비,카페/간식,6200,스타벅스
497,2025-08-06,20:40:00,식비,술/유흥,62000,회식
498,2025-08-06,13:50:00,생활/쇼핑,생활용품,24500,쿠팡
499,2025-08-05,16:30:00,생활/쇼핑,패션/미용,125000,의류 구매
500,2025-08-05,10:20:00,식비,카페/간식,5500,카페
501,2025-08-04,18:20:00,식비,외식,43000,저녁 식사
502,2025-08-04,12:40:00,생활/쇼핑,생활용품,19200,쿠팡
503,2025-08-03,21:30:00,식비,배달/야식,27000,배달
504,2025-08-03,14:10:00,생활/쇼핑,생활용품,13600,생필품
505,2025-08-02,17:50:00,식비,식자재/장보기,72300,마트 장보기
506,2025-08-02,11:20:00,식비,카페/간식,6800,디저트
507,2025-08-01,19:40:00,식비,외식,56000,외식
508,2025-08-01,13:30:00,생활/쇼핑,생활용품,28900,쿠팡
509,2025-07-31,20:30:00,식비,배달/야식,34000,배달
510,2025-07-31,15:20:00,주거/통신,구독/OTT,17000,넷플릭스
511,2025-07-31,10:40:00,식비,카페/간식,5200,커피
512,2025-07-30,18:45:00,생활/쇼핑,생활용품,22400,쿠팡
513,2025-07-30,12:30:00,식비,카페/간식,7500,카페
514,2025-07-29,21:10:00,식비,술/유흥,68000,술집
515,2025-07-29,14:50:00,생활/쇼핑,생활용품,16700,쿠팡
516,2025-07-28,17:20:00,식비,외식,48000,저녁 외식
517,2025-07-28,11:10:00,식비,카페/간식,6200,스타벅스
518,2025-07-27,19:30:00,식비,배달/야식,29000,치킨
519,2025-07-27,13:40:00,생활/쇼핑,생활용품,14900,다이소
520,2025-07-26,16:50:00,식비,식자재/장보기,81200,마트 장보기
521,2025-07-26,09:30:00,교통/차량,대중교통,28000,교통비
522,2025-07-25,20:20:00,식비,술/유흥,55000,회식
523,2025-07-25,12:40:00,식비,카페/간식,5800,카페
524,2025-07-24,18:30:00,생활/쇼핑,패션/미용,156000,의류 구매
525,2025-07-24,14:10:00,생활/쇼핑,생활용품,25600,쿠팡
526,2025-07-23,21:40:00,식비,배달/야식,31000,배달
527,2025-07-23,15:20:00,생활/쇼핑,생활용품,18300,쿠팡
528,2025-07-22,17:50:00,식비,외식,62000,저녁 식사
529,2025-07-22,11:30:00,식비,카페/간식,6500,커피
530,2025-07-21,19:10:00,주거/통신,통신비,48990,휴대폰 요금
531,2025-07-21,13:20:00,생활/쇼핑,생활용품,21700,쿠팡
532,2025-07-20,20:50:00,식비,술/유흥,73000,회식
533,2025-07-20,12:15:00,식비,카페/간식,5200,스타벅스
534,2025-07-19,16:40:00,교통/차량,자차/주유,90000,주유
535,2025-07-19,10:30:00,식비,카페/간식,4800,커피
536,2025-07-18,18:00:00,금융,보험/세금,133525,보험료
537,2025-07-18,18:00:00,금융,보험/세금,31000,보험료
538,2025-07-18,18:00:00,금융,보험/세금,29500,보험료
539,2025-07-17,21:20:00,식비,배달/야식,35000,배달
540,2025-07-17,14:40:00,생활/쇼핑,생활용품,27800,쿠팡
541,2025-07-16,17:30:00,식비,식자재/장보기,69500,마트 장보기
542,2025-07-16,11:20:00,식비,카페/간식,6800,디저트
543,2025-07-15,19:50:00,식비,외식,58000,저녁 외식
544,2025-07-15,13:10:00,생활/쇼핑,생활용품,19400,쿠팡
545,2025-07-14,20:30:00,식비,술/유흥,64000,술집
546,2025-07-14,15:20:00,금융,보험/세금,9830,보험료
547,2025-07-13,17:40:00,생활/쇼핑,생활용품,23500,쿠팡
548,2025-07-13,12:30:00,식비,카페/간식,5500,카페
549,2025-07-12,21:10:00,식비,배달/야식,28000,치킨
550,2025-07-12,14:50:00,생활/쇼핑,생활용품,16200,생필품
551,2025-07-11,18:20:00,식비,외식,47000,저녁 식사
552,2025-07-11,10:40:00,식비,카페/간식,6200,스타벅스
553,2025-07-10,19:30:00,생활/쇼핑,생활용품,31200,쿠팡
554,2025-07-10,13:20:00,교통/차량,대중교통,32000,교통비
555,2025-07-09,20:40:00,식비,술/유흥,59000,회식
556,2025-07-09,12:10:00,식비,카페/간식,5800,커피
557,2025-07-08,16:50:00,생활/쇼핑,패션/미용,98000,의류 구매
558,2025-07-08,11:30:00,식비,카페/간식,4500,카페
559,2025-07-07,21:20:00,식비,배달/야식,33000,배달
560,2025-07-07,14:40:00,생활/쇼핑,생활용품,24700,쿠팡
561,2025-07-06,17:30:00,식비,식자재/장보기,76800,마트 장보기
562,2025-07-06,09:20:00,식비,카페/간식,5200,커피
563,2025-07-05,19:50:00,식비,외식,51000,저녁 외식
564,2025-07-05,13:30:00,생활/쇼핑,생활용품,18900,쿠팡
565,2025-07-04,20:10:00,식비,술/유흥,67000,술집
566,2025-07-04,12:40:00,식비,카페/간식,6500,디저트
567,2025-07-03,16:20:00,생활/쇼핑,생활용품,21300,쿠팡
568,2025-07-03,10:30:00,식비,카페/간식,5500,카페
569,2025-07-02,21:40:00,식비,배달/야식,29000,배달
570,2025-07-02,15:10:00,생활/쇼핑,생활용품,15600,다이소
571,2025-07-01,18:30:00,식비,외식,44000,저녁 식사
572,2025-07-01,12:20:00,식비,카페/간식,6800,스타벅스
573,2025-06-30,20:30:00,식비,배달/야식,32000,치킨
574,2025-06-30,14:50:00,주거/통신,구독/OTT,17000,넷플릭스
575,2025-06-30,11:10:00,식비,카페/간식,5200,커피
576,2025-06-29,19:20:00,생활/쇼핑,생활용품,26400,쿠팡
577,2025-06-29,13:40:00,식비,카페/간식,7200,카페
578,2025-06-28,21:00:00,식비,술/유흥,71000,회식
579,2025-06-28,15:30:00,생활/쇼핑,생활용품,19800,쿠팡
580,2025-06-27,17:50:00,식비,식자재/장보기,83700,마트 장보기
581,2025-06-27,10:20:00,식비,카페/간식,6200,커피
582,2025-06-26,19:40:00,식비,외식,54000,저녁 외식
583,2025-06-26,12:30:00,생활/쇼핑,생활용품,22500,쿠팡
584,2025-06-25,20:50:00,식비,배달/야식,30000,배달
585,2025-06-25,14:10:00,생활/쇼핑,생활용품,17400,생필품
586,2025-06-24,18:20:00,생활/쇼핑,패션/미용,142000,의류 구매
587,2025-06-24,11:40:00,식비,카페/간식,5800,카페
588,2025-06-23,21:30:00,식비,술/유흥,62000,술집
589,2025-06-23,13:50:00,생활/쇼핑,생활용품,24600,쿠팡
590,2025-06-22,16:40:00,식비,외식,49000,저녁 식사
591,2025-06-22,09:30:00,교통/차량,자차/주유,87000,주유
592,2025-06-21,19:10:00,주거/통신,통신비,48990,휴대폰 요금
593,2025-06-21,12:20:00,식비,카페/간식,6500,스타벅스
594,2025-06-20,20:40:00,식비,배달/야식,34000,치킨
595,2025-06-20,14:30:00,생활/쇼핑,생활용품,20700,쿠팡
596,2025-06-19,17:50:00,교통/차량,대중교통,29000,교통비
597,2025-06-19,11:10:00,식비,카페/간식,5200,커피
598,2025-06-18,18:00:00,금융,보험/세금,133525,보험료
599,2025-06-18,18:00:00,금융,보험/세금,31000,보험료
600,2025-06-18,18:00:00,금융,보험/세금,29500,보험료
601,2025-06-17,21:20:00,식비,술/유흥,68000,회식
602,2025-06-17,13:40:00,생활/쇼핑,생활용품,23800,쿠팡
603,2025-06-16,18:30:00,식비,식자재/장보기,71500,마트 장보기
604,2025-06-16,10:50:00,식비,카페/간식,6800,디저트
605,2025-06-15,19:50:00,식비,외식,57000,저녁 외식
606,2025-06-15,12:30:00,생활/쇼핑,생활용품,18600,쿠팡
607,2025-06-14,20:10:00,식비,배달/야식,31000,배달
608,2025-06-14,15:20:00,금융,보험/세금,9830,보험료
609,2025-06-13,17:40:00,생활/쇼핑,생활용품,25300,쿠팡
610,2025-06-13,11:30:00,식비,카페/간식,5500,카페
611,2025-06-12,21:00:00,식비,술/유흥,65000,술집
612,2025-06-12,14:20:00,생활/쇼핑,생활용품,19500,생필품
613,2025-06-11,18:40:00,식비,외식,52000,저녁 식사
614,2025-06-11,12:10:00,식비,카페/간식,6200,스타벅스
615,2025-06-10,20:30:00,식비,배달/야식,28000,치킨
616,2025-06-10,13:50:00,생활/쇼핑,생활용품,21800,쿠팡
617,2025-06-09,16:20:00,생활/쇼핑,패션/미용,115000,의류 구매
618,2025-06-09,10:40:00,식비,카페/간식,5800,커피
619,2025-06-08,19:30:00,식비,외식,46000,저녁 외식
620,2025-06-08,13:20:00,생활/쇼핑,생활용품,16900,쿠팡
621,2025-06-07,21:40:00,식비,술/유흥,59000,회식
622,2025-06-07,14:50:00,생활/쇼핑,생활용품,24200,쿠팡
623,2025-06-06,17:30:00,식비,식자재/장보기,78900,마트 장보기
624,2025-06-06,11:20:00,식비,카페/간식,6500,디저트
625,2025-06-05,19:50:00,식비,외식,55000,저녁 식사
626,2025-06-05,12:40:00,생활/쇼핑,생활용품,20300,쿠팡
627,2025-06-04,20:20:00,식비,배달/야식,33000,배달
628,2025-06-04,14:10:00,교통/차량,대중교통,31000,교통비
629,2025-06-03,18:30:00,생활/쇼핑,생활용품,27500,쿠팡
630,2025-06-03,10:50:00,식비,카페/간식,5200,카페
631,2025-06-02,21:10:00,식비,술/유흥,72000,술집
632,2025-06-02,13:30:00,생활/쇼핑,생활용품,18700,쿠팡
633,2025-06-01,17:40:00,식비,외식,48000,저녁 외식
634,2025-06-01,11:20:00,식비,카페/간식,6800,스타벅스
635,2025-05-31,20:30:00,식비,배달/야식,29000,치킨
636,2025-05-31,14:40:00,주거/통신,구독/OTT,17000,넷플릭스
637,2025-05-31,09:30:00,식비,카페/간식,5500,커피
638,2025-05-30,19:20:00,생활/쇼핑,생활용품,23600,쿠팡
639,2025-05-30,12:30:00,식비,카페/간식,7200,카페
640,2025-05-29,21:00:00,식비,술/유흥,66000,회식
641,2025-05-29,15:10:00,생활/쇼핑,생활용품,21400,쿠팡
642,2025-05-28,17:50:00,식비,식자재/장보기,74300,마트 장보기
643,2025-05-28,10:40:00,식비,카페/간식,6200,커피
644,2025-05-27,19:40:00,식비,외식,51000,저녁 외식
645,2025-05-27,13:20:00,생활/쇼핑,생활용품,19800,쿠팡
646,2025-05-26,20:50:00,식비,배달/야식,32000,배달
647,2025-05-26,14:30:00,생활/쇼핑,생활용품,16500,생필품
648,2025-05-25,18:20:00,생활/쇼핑,패션/미용,128000,의류 구매
649,2025-05-25,11:50:00,식비,카페/간식,5800,카페
650,2025-05-24,21:30:00,식비,술/유흥,63000,술집
651,2025-05-24,13:40:00,생활/쇼핑,생활용품,22700,쿠팡
652,2025-05-23,16:40:00,식비,외식,47000,저녁 식사
653,2025-05-23,09:20:00,교통/차량,자차/주유,82000,주유
654,2025-05-22,19:10:00,주거/통신,통신비,48990,휴대폰 요금
655,2025-05-22,12:30:00,식비,카페/간식,6500,스타벅스
656,2025-05-21,20:40:00,식비,배달/야식,30000,치킨
657,2025-05-21,14:20:00,생활/쇼핑,생활용품,20900,쿠팡
658,2025-05-20,17:50:00,교통/차량,대중교통,27000,교통비
659,2025-05-20,11:10:00,식비,카페/간식,5200,커피
660,2025-05-19,18:00:00,금융,보험/세금,133525,보험료
661,2025-05-19,18:00:00,금융,보험/세금,31000,보험료
662,2025-05-19,18:00:00,금융,보험/세금,29500,보험료
663,2025-05-18,21:20:00,식비,술/유흥,69000,회식
664,2025-05-18,13:50:00,생활/쇼핑,생활용품,24800,쿠팡
665,2025-05-17,18:30:00,식비,식자재/장보기,79200,마트 장보기
666,2025-05-17,10:40:00,식비,카페/간식,6800,디저트
667,2025-05-16,19:50:00,식비,외식,53000,저녁 외식
668,2025-05-16,12:20:00,생활/쇼핑,생활용품,18400,쿠팡
669,2025-05-15,20:10:00,식비,배달/야식,31000,배달
670,2025-05-15,15:30:00,금융,보험/세금,9830,보험료
671,2025-05-14,17:40:00,생활/쇼핑,생활용품,26300,쿠팡
672,2025-05-14,11:20:00,식비,카페/간식,5500,카페
673,2025-05-13,21:00:00,식비,술/유흥,64000,술집
674,2025-05-13,14:30:00,생활/쇼핑,생활용품,19700,생필품
675,2025-05-12,18:40:00,식비,외식,49000,저녁 식사
676,2025-05-12,12:10:00,식비,카페/간식,6200,스타벅스
677,2025-05-11,20:30:00,식비,배달/야식,28000,치킨
678,2025-05-11,13:50:00,생활/쇼핑,생활용품,22400,쿠팡
679,2025-05-10,16:20:00,생활/쇼핑,패션/미용,105000,의류 구매
680,2025-05-10,10:40:00,식비,카페/간식,5800,커피
681,2025-05-09,19:30:00,식비,외식,45000,저녁 외식
682,2025-05-09,13:10:00,생활/쇼핑,생활용품,17200,쿠팡
683,2025-05-08,21:40:00,식비,술/유흥,58000,회식
684,2025-05-08,14:50:00,생활/쇼핑,생활용품,23900,쿠팡
685,2025-05-07,17:30:00,식비,식자재/장보기,76500,마트 장보기
686,2025-05-07,11:30:00,식비,카페/간식,6500,디저트
687,2025-05-06,19:50:00,식비,외식,54000,저녁 식사
688,2025-05-06,12:40:00,생활/쇼핑,생활용품,19600,쿠팡
689,2025-05-05,20:20:00,식비,배달/야식,33000,배달
690,2025-05-05,14:10:00,교통/차량,대중교통,30000,교통비
691,2025-05-04,18:30:00,생활/쇼핑,생활용품,28200,쿠팡
692,2025-05-04,10:50:00,식비,카페/간식,5200,카페
693,2025-05-03,21:10:00,식비,술/유흥,71000,술집
694,2025-05-03,13:30:00,생활/쇼핑,생활용품,18900,쿠팡
695,2025-05-02,17:40:00,식비,외식,47000,저녁 외식
696,2025-05-02,11:20:00,식비,카페/간식,6800,스타벅스
697,2025-05-01,20:30:00,식비,배달/야식,29000,치킨
698,2025-05-01,14:40:00,생활/쇼핑,생활용품,21500,쿠팡
699,2025-05-01,09:30:00,식비,카페/간식,5500,커피
700,2025-04-30,06:44,생활/쇼핑,생활용품,13870,네이버파이낸셜주식회사
701,2025-04-29,23:42,생활/쇼핑,가전/가구,65990,롯데하이마트(주)
702,2025-04-29,19:54,식비,카페/간식,46000,다피타(da pit'ta)
703,2025-04-29,14:53,생활/쇼핑,생활용품,13870,네이버파이낸셜주식회사
704,2025-04-29,09:57,생활/쇼핑,생활용품,2400,구글플레이_TOSS
705,2025-04-28,20:47,생활/쇼핑,생활용품,2100,씨유(CU)마곡센트럴점
706,2025-04-28,16:40,주거/통신,월세/관리비,75470,아파트관리비
707,2025-04-28,13:45,식비,외식,12000,한일생선구이전문점
708,2025-04-27,12:50,생활/쇼핑,생활용품,1600,지에스25 마곡나루6단지점
709,2025-04-27,12:27,식비,외식,15000,네이버페이
710,2025-04-26,20:43,생활/쇼핑,패션/미용,64420,네이버파이낸셜(주)
711,2025-04-25,14:05,생활/쇼핑,생활용품,3600,(주)이마트에브리데이 남부터미널점
712,2025-04-25,13:36,식비,카페/간식,500,카페온
713,2025-04-25,13:27,식비,외식,9500,허수아비
714,2025-04-24,21:29,생활/쇼핑,생활용품,9900,(주)티몬
715,2025-04-24,20:08,식비,식자재/장보기,17100,(주)이마트에브리데이마곡나루점
716,2025-04-24,13:27,식비,외식,44700,주식회사 닥터키친
717,2025-04-23,20:10,생활/쇼핑,생활용품,2500,이마트 24 센트럴키오스크점
718,2025-04-23,19:44,식비,외식,24400,쉐이크쉑 센트럴시티점
719,2025-04-23,16:35,생활/쇼핑,생활용품,29720,네이버파이낸셜주식회사
720,2025-04-23,13:07,식비,카페/간식,40000,드리옹17
721,2025-04-22,21:05,식비,외식,71500,송계옥 신도림점
722,2025-04-22,18:11,식비,카페/간식,3900,주식회사 에스씨케이컴퍼니
723,2025-04-22,10:41,건강/운동,병원/약국,9000,서리풀약국
724,2025-04-21,19:07,식비,카페/간식,3900,주식회사 에스씨케이컴퍼니
725,2025-04-21,08:42,식비,외식,6600,NICE결제대행
726,2025-04-20,14:26,교통/차량,대중교통,1450,경기시내버스_이비
727,2025-04-20,14:26,교통/차량,대중교통,1350,티머니 지하철
728,2025-04-19,21:46,생활/쇼핑,생활용품,52720,네이버파이낸셜(주)
729,2025-04-19,17:34,식비,식자재/장보기,25580,(주)이마트에브리데이 마곡나루점
730,2025-04-19,16:06,건강/운동,병원/약국,8400,삼성웰약국
731,2025-04-19,15:33,식비,카페/간식,5500,감성커피 미사역점
732,2025-04-19,14:45,교통/차량,대중교통,2400,티머니 버스
733,2025-04-18,22:18,식비,배달/야식,21500,(주)우아한형제들_KCP
734,2025-04-18,19:33,생활/쇼핑,생활용품,7100,GS25서울대입구역점
735,2025-04-18,19:04,식비,식자재/장보기,2490,지에스 더 프레시 미사점
736,2025-04-18,13:55,생활/쇼핑,생활용품,16900,카카오쇼핑하기_카카오페이
737,2025-04-18,13:18,식비,외식,10000,허수아비
738,2025-04-18,08:46,식비,외식,2500,NICE_통신판매
739,2025-04-18,08:44,문화/취미,영화/공연,24000,메가박스_KPN
740,2025-04-17,22:24,식비,카페/간식,1800,아이스조아 18호점
741,2025-04-17,22:20,교통/차량,택시/호출,14200,카카오페이(택시)
742,2025-04-16,17:42,문화/취미,영화/공연,12900,네이버페이
743,2025-04-16,14:37,문화/취미,영화/공연,63500,네이버페이
744,2025-04-16,13:55,식비,외식,10000,매화
745,2025-04-16,09:25,주거/통신,통신비,23100,LOCA
746,2025-04-16,08:03,식비,카페/간식,4200,스타벅스_사이렌오더
747,2025-04-15,20:37,생활/쇼핑,생활용품,36000,티몬
748,2025-04-15,19:04,생활/쇼핑,생활용품,9000,다이소 신방화역점
749,2025-04-15,13:27,식비,카페/간식,500,카페온
750,2025-04-15,13:16,식비,외식,9000,주식회사 장꼬방
751,2025-04-14,19:50,식비,식자재/장보기,1800,(주)골드그린마트
752,2025-04-14,19:20,식비,카페/간식,15500,PAYCO오더
753,2025-04-13,18:34,생활/쇼핑,생활용품,9290,이마트24 신방화점
754,2025-04-13,13:49,생활/쇼핑,생활용품,8250,세븐일레븐 부천원종로점
755,2025-04-13,08:22,생활/쇼핑,생활용품,1860,씨유 하남미사점
756,2025-04-13,08:21,생활/쇼핑,생활용품,9850,지에스(GS)25 미사한신점
757,2025-04-12,17:31,식비,식자재/장보기,16480,주식회사조양마트
758,2025-04-11,23:20,식비,식자재/장보기,29560,지에스 더 프레시 미사점
759,2025-04-11,21:43,식비,외식,26000,안철순
760,2025-04-11,18:46,식비,카페/간식,4000,스타벅스코리아
761,2025-04-11,08:35,식비,외식,5700,NICE결제대행
762,2025-04-10,19:18,생활/쇼핑,생활용품,6700,씨유(CU)마곡센트럴점
763,2025-04-10,08:33,식비,외식,6800,NICE결제대행
764,2025-04-09,18:44,식비,외식,11500,북창동순두부 (서초점)
765,2025-04-09,08:36,식비,외식,900,NICE_통신판매
766,2025-04-09,08:35,식비,외식,5800,NICE결제대행
767,2025-04-08,19:31,식비,외식,13000,시래마루강동점
768,2025-04-08,13:00,식비,외식,5900,NICE결제대행
769,2025-04-07,19:35,식비,식자재/장보기,18670,(주)골드그린마트
770,2025-04-07,19:30,생활/쇼핑,생활용품,2750,지에스25(GS25)마곡나루점
771,2025-04-07,08:42,식비,외식,5900,NICE_통신판매
772,2025-04-05,20:45,식비,외식,4000,김밥천국
773,2025-04-05,19:13,식비,카페/간식,47000,놀숲서울대입구점
774,2025-04-05,13:17,식비,카페/간식,2000,메가엠지씨커피미사역점
775,2025-04-04,22:30,식비,배달/야식,21000,(주)우아한형제들
776,2025-04-04,22:06,교통/차량,택시/호출,6800,티머니택시_0
777,2025-04-04,21:32,식비,카페/간식,4500,블랙모티브
778,2025-04-04,21:30,식비,카페/간식,6000,블랙모티브
779,2025-04-04,21:24,식비,외식,102000,대신수산
780,2025-04-04,18:04,식비,카페/간식,5900,(주)케이지이니시스
781,2025-04-04,09:48,식비,외식,24137,네이버페이
782,2025-04-04,08:35,식비,외식,5900,NICE결제대행
783,2025-04-03,19:07,생활/쇼핑,생활용품,2000,주식회사 아성다이소
784,2025-04-03,18:33,식비,외식,10000,푸드카페 김밥천국 신논현역점
785,2025-04-03,08:33,식비,외식,5900,NICE결제대행
786,2025-04-02,18:04,교육/계발,도서/문구,19,KCP-알라딘커뮤니케이션
787,2025-04-02,18:02,교육/계발,도서/문구,149,문화비(알라딘)_KCP
788,2025-04-02,16:58,식비,카페/간식,5800,얼음과자(마곡나루점)
789,2025-04-02,13:39,식비,배달/야식,34500,(주)우아한형제들
790,2025-04-02,10:44,문화/취미,영화/공연,38333,카카오_카카오페이
791,2025-04-01,21:42,식비,카페/간식,8700,파리바게뜨충무로역
792,2025-04-01,21:29,식비,외식,39000,진포식당
793,2025-04-01,08:28,식비,외식,5900,NICE결제대행
794,2025-03-31,20:37,식비,식자재/장보기,5580,(주)골드그린마트
795,2025-03-31,08:36,식비,외식,5900,NICE결제대행
796,2025-03-31,00:23,생활/쇼핑,생활용품,11500,GS25 봉천 낙성점
797,2025-03-30,20:50,식비,카페/간식,3000,KOCES_자판기_일반
798,2025-03-30,20:43,식비,카페/간식,12000,벌툰 신림점
799,2025-03-30,18:38,식비,외식,44000,작은피자집
800,2025-03-30,17:07,식비,카페/간식,7600,카페 우야우(cafe ooyaoo)
801,2025-03-30,16:26,식비,카페/간식,20500,헬무트커피로스터스
802,2025-03-27,22:27,식비,식자재/장보기,10980,(주)이마트에브리데이 마곡나루점
803,2025-03-27,22:26,식비,식자재/장보기,1580,(주)이마트에브리데이마곡나루점
804,2025-03-27,19:29,식비,카페/간식,12900,주식회사 에스씨케이컴퍼니
805,2025-03-27,19:25,식비,외식,31000,레몬그라스 타이
806,2025-03-27,13:26,식비,외식,10000,매화
807,2025-03-27,08:32,식비,외식,5900,NICE결제대행
808,2025-03-27,01:11,생활/쇼핑,생활용품,1400,CU 관악이글점
809,2025-03-27,00:43,식비,카페/간식,1200,자판기3
810,2025-03-27,00:12,식비,외식,169100,삼촌숯불곱창
811,2025-03-26,16:47,주거/통신,월세/관리비,83730,아파트관리비
812,2025-03-26,13:39,생활/쇼핑,생활용품,4650,(주)이마트에브리데이 남부터미널점
813,2025-03-26,13:20,식비,외식,5000,단풍애 김밥 남부터미널점
814,2025-03-26,08:35,식비,외식,5900,NICE결제대행
815,2025-03-25,19:40,생활/쇼핑,생활용품,2000,주식회사 아성다이소
816,2025-03-25,18:55,식비,외식,11500,북창동순두부 (서초점)
817,2025-03-24,08:39,식비,카페/간식,1300,바나프레소 남부터미널점
818,2025-03-24,08:31,식비,외식,5900,NICE결제대행
819,2025-03-23,18:09,문화/취미,영화/공연,2400,구글페이먼트
820,2025-03-22,18:18,식비,식자재/장보기,8980,(주)이마트에브리데이 마곡나루점
821,2025-03-22,17:58,식비,배달/야식,10900,(주)우아한형제들
822,2025-03-22,17:35,교육/계발,도서/문구,15100,알라딘중고서점 (잠실점)문화비
823,2025-03-22,12:01,생활/쇼핑,생활용품,7800,GS25 봉천 낙성점
824,2025-03-22,09:59,식비,카페/간식,4500,주식회사 에스씨케이컴퍼니
825,2025-03-22,09:50,식비,외식,14500,오월의김밥
826,2025-03-21,21:42,식비,외식,3000,과일에반하다프루타 미사점
827,2025-03-21,21:40,식비,외식,60000,빈이네양꼬치
828,2025-03-21,08:31,식비,외식,5900,NICE결제대행
829,2025-03-20,13:30,생활/쇼핑,생활용품,4340,우정사업본부(우체국)
830,2025-03-20,13:14,생활/쇼핑,생활용품,400,공공기관_KPN
831,2025-03-20,08:34,식비,외식,5900,NICE결제대행
832,2025-03-19,19:29,식비,식자재/장보기,14900,(주)골드그린마트
833,2025-03-19,19:04,식비,배달/야식,19425,(주)우아한형제들_TOSS
834,2025-03-19,09:22,주거/통신,통신비,23100,LOCA
835,2025-03-19,08:28,식비,외식,5900,NICE결제대행
836,2025-03-18,19:58,식비,식자재/장보기,1980,(주)골드그린마트
837,2025-03-18,19:56,식비,외식,14000,수라면가
838,2025-03-18,13:22,생활/쇼핑,생활용품,2800,공공기관_KPN
839,2025-03-18,08:27,식비,외식,5900,NICE결제대행
840,2025-03-17,19:31,식비,외식,9900,명가통닭 마곡나루점
841,2025-03-17,08:34,식비,외식,5900,NICE결제대행
842,2025-03-17,08:22,식비,외식,26800,네이버페이
843,2025-03-16,10:19,식비,카페/간식,10900,식사준비 마곡나루
844,2025-03-15,20:01,식비,외식,7500,마리짱
845,2025-03-15,12:39,식비,식자재/장보기,8790,지에스더프레시미사점
846,2025-03-15,12:39,식비,식자재/장보기,21820,지에스 더 프레시 미사점
847,2025-03-15,09:52,식비,카페/간식,5000,스타벅스_사이렌오더
848,2025-03-14,22:07,생활/쇼핑,생활용품,11000,GS25 봉천 낙성점
849,2025-03-14,21:55,식비,카페/간식,9900,Apple
850,2025-03-14,21:27,식비,외식,1800,BKR버거킹사당역점
851,2025-03-14,11:51,식비,카페/간식,5500,(주)케이지이니시스
852,2025-03-14,11:10,식비,카페/간식,5500,주식회사 에스씨케이컴퍼니
853,2025-03-14,11:05,식비,카페/간식,22600,스타벅스_사이렌오더
854,2025-03-14,08:26,식비,외식,5900,NICE결제대행
855,2025-03-13,20:49,생활/쇼핑,생활용품,11000,씨유(CU)마곡센트럴점
856,2025-03-13,19:21,생활/쇼핑,생활용품,4000,(주)다이소아성산업
857,2025-03-13,19:17,생활/쇼핑,생활용품,4000,(주)다이소아성산업
858,2025-03-13,15:01,관계,경조사/선물,9800,선물하기_카카오페이
859,2025-03-13,08:40,식비,외식,5900,NICE결제대행
860,2025-03-12,08:31,식비,외식,5900,NICE결제대행
861,2025-03-12,08:20,관계,경조사/선물,459570,지마켓
862,2025-03-11,19:37,식비,외식,16000,시래마루 강동점
863,2025-03-11,08:30,식비,외식,5900,NICE결제대행
864,2025-03-10,08:37,식비,외식,5700,NICE결제대행
865,2025-03-08,21:10,식비,식자재/장보기,5940,(주)이마트에브리데이 마곡나루점
866,2025-03-08,21:09,식비,식자재/장보기,5980,(주)이마트에브리데이 마곡나루점
867,2025-03-08,14:09,생활/쇼핑,패션/미용,42000,(주)현대백화점천호점
868,2025-03-08,14:01,생활/쇼핑,패션/미용,9200,(주)현대백화점천호점
869,2025-03-08,10:36,식비,카페/간식,5000,스타벅스코리아
870,2025-03-08,10:33,식비,카페/간식,17700,주식회사 쟝블랑제리
871,2025-03-08,10:25,식비,식자재/장보기,27990,지에스더프레시미사점
872,2025-03-07,23:46,생활/쇼핑,생활용품,12700,씨유(CU) 행운야베스점
873,2025-03-07,22:47,식비,식자재/장보기,29070,지에스 더 프레시 미사점
874,2025-03-07,19:31,건강/운동,병원/약국,46300,미즈컨테이너강남웨스트(주)에스
875,2025-03-07,18:29,식비,카페/간식,3300,스타벅스코리아
876,2025-03-07,09:48,식비,외식,24137,네이버페이
877,2025-03-07,08:39,식비,외식,900,NICE결제대행
878,2025-03-07,08:31,식비,외식,5900,NICE결제대행
879,2025-03-06,08:41,식비,외식,5900,NICE결제대행
880,2025-03-05,18:05,생활/쇼핑,생활용품,13980,(주)이마트에브리데이 남부터미널점
881,2025-03-05,18:04,교육/계발,도서/문구,19,KCP-알라딘커뮤니케이션
882,2025-03-05,18:02,교육/계발,도서/문구,149,문화비(알라딘)_KCP
883,2025-03-05,08:37,식비,외식,1100,NICE_통신판매
884,2025-03-05,08:36,식비,외식,5900,NICE결제대행
885,2025-03-04,08:35,식비,외식,2700,NICE_통신판매
886,2025-03-04,07:41,식비,외식,12870,네이버페이
887,2025-03-03,22:12,생활/쇼핑,생활용품,7500,씨유(CU)마곡센트럴점
888,2025-03-03,21:45,식비,배달/야식,35950,쿠팡(주)
889,2025-03-03,21:14,생활/쇼핑,생활용품,34870,대표_네이버페이_1
890,2025-03-03,13:36,식비,카페/간식,3800,고품격커피공장(서일점)
891,2025-03-03,08:41,식비,외식,2700,NICE_통신판매
892,2025-03-02,22:23,식비,배달/야식,22500,(주)우아한형제들_TOSS
893,2025-03-01,22:56,식비,카페/간식,2200,빵꾸똥꾸야 마곡나루점
894,2025-03-01,22:53,식비,식자재/장보기,3000,(주)이마트에브리데이마곡나루점
895,2025-03-01,20:57,식비,카페/간식,55700,놀숲서울대입구점
896,2025-03-01,14:46,식비,카페/간식,8000,듀레스트
897,2025-03-01,14:36,식비,외식,28000,시골집
898,2025-03-01,11:07,식비,카페/간식,4300,커피나무 미사역점
899,2025-02-28,23:00,식비,식자재/장보기,21680,지에스 더 프레시 미사점
900,2025-02-28,22:49,식비,카페/간식,5500,몽마베이커리
901,2025-02-28,22:43,식비,외식,77000,딱 좋아
902,2025-02-28,19:41,생활/쇼핑,생활용품,4000,(주)다이소아성산업
903,2025-02-28,08:27,식비,외식,5900,NICE_통신판매
904,2025-02-27,14:37,교통/차량,대중교통,1650,티머니 지하철
905,2025-02-27,14:37,교통/차량,대중교통,1200,티머니 버스
906,2025-02-27,14:37,교통/차량,대중교통,250,경기시내버스_이비
907,2025-02-27,08:21,식비,외식,5900,NICE_통신판매
908,2025-02-26,19:28,식비,식자재/장보기,5790,(주)골드그린마트
909,2025-02-26,16:41,주거/통신,월세/관리비,88760,아파트관리비
910,2025-02-26,13:32,식비,외식,9000,송쉐프
911,2025-02-24,17:46,생활/쇼핑,패션/미용,23000,쿠팡(쿠페이)
912,2025-02-24,09:45,관계,경조사/선물,50000,배달의민족_선물하기
913,2025-02-23,11:39,생활/쇼핑,패션/미용,43440,네이버파이낸셜(주)
914,2025-02-22,14:52,식비,카페/간식,19800,(주)학산 테라로사커피 국립현대미술관(서울관)지점
915,2025-02-22,12:46,교통/차량,택시/호출,4800,티머니택시_0
916,2025-02-22,12:37,식비,외식,26000,금성관 나주곰탕
917,2025-02-22,00:01,생활/쇼핑,생활용품,6000,이마트24 한국은행점
918,2025-02-21,23:32,문화/취미,영화/공연,17500,네이버페이
919,2025-02-21,23:28,문화/취미,영화/공연,29000,네이버페이
920,2025-02-21,22:05,생활/쇼핑,생활용품,14100,지에스25(GS25) 북창점
921,2025-02-21,21:35,생활/쇼핑,생활용품,2000,(주)다이소아성산업
922,2025-02-21,21:30,생활/쇼핑,생활용품,5500,주식회사 와이케이프렌즈
923,2025-02-21,20:15,식비,카페/간식,10800,주식회사 가배도 남대문시장점
924,2025-02-21,19:47,식비,외식,51000,신성식당
925,2025-02-21,08:43,식비,카페/간식,5900,NICE결제대행
926,2025-02-20,18:47,식비,외식,19000,정순화청국장서초본점
927,2025-02-20,18:09,문화/취미,영화/공연,2400,구글페이먼트
928,2025-02-20,08:36,식비,외식,5900,NICE결제대행
929,2025-02-19,20:21,식비,식자재/장보기,8000,(주)이마트에브리데이 마곡나루점
930,2025-02-19,20:20,식비,식자재/장보기,14480,(주)이마트에브리데이 마곡나루점
931,2025-02-19,18:34,식비,외식,11500,북창동순두부 (서초점)
932,2025-02-19,13:48,식비,카페/간식,14100,스타벅스코리아
933,2025-02-19,08:33,식비,외식,5900,NICE결제대행
934,2025-02-19,00:10,생활/쇼핑,패션/미용,24500,쿠팡(쿠페이)
935,2025-02-18,18:13,식비,외식,9100,주식회사 크라이치즈버거
936,2025-02-18,08:26,식비,외식,5700,NICE_통신판매
937,2025-02-17,19:32,생활/쇼핑,생활용품,3900,GS25 마곡나루점
938,2025-02-17,13:15,식비,카페/간식,5300,스타벅스코리아
939,2025-02-17,09:56,주거/통신,통신비,23100,LOCA
940,2025-02-15,21:32,식비,식자재/장보기,15400,(주)이마트에브리데이 마곡나루점
941,2025-02-15,20:53,식비,배달/야식,78870,네이버페이
942,2025-02-15,18:10,식비,배달/야식,27870,네이버파이낸셜 주식회사
943,2025-02-14,23:48,생활/쇼핑,생활용품,19000,씨유(CU) 행운야베스점
944,2025-02-14,22:26,식비,술/유흥,35000,서울루덴스
945,2025-02-14,21:31,식비,외식,50000,마마 에티오피아요리
946,2025-02-14,11:01,식비,배달/야식,24670,쿠팡(주)
947,2025-02-14,10:58,생활/쇼핑,패션/미용,30100,쿠팡(쿠페이)
948,2025-02-13,20:59,생활/쇼핑,생활용품,17990,(주)지마켓
949,2025-02-12,21:41,생활/쇼핑,생활용품,6400,지에스(GS)25 마곡나루6단지점
950,2025-02-12,21:41,생활/쇼핑,생활용품,8900,지에스(GS)25 마곡나루6단지점
951,2025-02-12,15:47,식비,배달/야식,16900,네이버파이낸셜 주식회사
952,2025-02-11,22:45,식비,배달/야식,25870,네이버파이낸셜 주식회사
953,2025-02-11,10:00,관계,경조사/선물,50000,배달의민족_선물하기
954,2025-02-10,17:07,생활/쇼핑,생활용품,2600,아이아이 미사점
955,2025-02-10,17:07,생활/쇼핑,생활용품,1200,아이아이 미사점
956,2025-02-10,17:04,교통/차량,대중교통,1500,카카오 T_바이크
957,2025-02-10,09:44,주거/통신,공과금,6170,서울시 카카오페이2
958,2025-02-09,18:12,생활/쇼핑,생활용품,4400,GS25 마곡나루6단지점
959,2025-02-09,12:23,식비,배달/야식,45870,네이버파이낸셜 주식회사
960,2025-02-08,20:27,식비,외식,8600,(주)케이에프씨코리
961,2025-02-08,20:11,식비,카페/간식,6700,민카페(min cafe)
962,2025-02-08,01:33,생활/쇼핑,생활용품,57590,지에스25 서울대입구역점
963,2025-02-08,00:50,교통/차량,택시/호출,9500,티머니 법인택시
964,2025-02-07,13:41,식비,카페/간식,6500,커피사피엔스(대륭17
965,2025-02-07,08:49,생활/쇼핑,생활용품,2100,씨유(CU) 대륭21차점
966,2025-02-06,18:52,생활/쇼핑,생활용품,4180,하모니마트
967,2025-02-06,13:07,식비,카페/간식,12400,지바(CHI BA)
968,2025-02-05,13:43,주거/통신,구독/OTT,10390,쿠팡
969,2025-02-05,13:09,식비,카페/간식,100,스타벅스코리아
970,2025-02-05,08:49,식비,카페/간식,2500,커피사피엔스(대륭17
971,2025-02-04,19:41,생활/쇼핑,생활용품,2750,이마트24 금천점
972,2025-02-04,13:19,식비,외식,11800,마하나콘
973,2025-02-04,09:48,식비,외식,24137,네이버페이
974,2025-02-03,18:50,생활/쇼핑,생활용품,1600,이마트24 금천점
975,2025-02-03,13:38,식비,외식,8300,가산4호점 담소사골
976,2025-02-02,18:04,교육/계발,도서/문구,19,KCP-알라딘커뮤니케이션
977,2025-02-02,18:02,교육/계발,도서/문구,149,문화비(알라딘)_KCP
978,2025-02-01,20:45,식비,카페/간식,7500,블레스롤 하남 미사점
979,2025-02-01,20:10,식비,배달/야식,20870,네이버파이낸셜 주식회사
980,2025-01-31,11:58,식비,배달/야식,36870,네이버파이낸셜 주식회사
981,2025-01-31,00:54,생활/쇼핑,생활용품,18250,씨유(CU)마곡센트럴점
982,2025-01-30,23:07,식비,카페/간식,306000,까미(독산점)
983,2025-01-30,14:03,식비,카페/간식,8000,커피사피엔스(대륭17
984,2025-01-30,13:53,식비,외식,8000,동남집
985,2025-01-29,13:46,생활/쇼핑,생활용품,800,씨스페이스 가산본점
986,2025-01-29,13:12,식비,카페/간식,12400,지바(CHI BA)
987,2025-01-28,16:34,주거/통신,월세/관리비,59240,아파트관리비
988,2025-01-28,13:47,생활/쇼핑,생활용품,1600,씨스페이스 가산본점
989,2025-01-28,13:10,식비,카페/간식,12400,지바(CHI BA)
990,2025-01-27,18:51,생활/쇼핑,생활용품,7800,이마트24 금천점
991,2025-01-27,18:40,생활/쇼핑,생활용품,4400,하모니마트(독산역점)
992,2025-01-26,19:33,식비,배달/야식,43868,네이버페이
993,2025-01-26,19:21,식비,배달/야식,5970,쿠팡(주)
994,2025-01-26,16:07,식비,외식,9000,1인자감자탕 독산점
995,2025-01-26,09:22,생활/쇼핑,생활용품,5700,GS25 서울대입구역점
996,2025-01-26,01:13,생활/쇼핑,생활용품,6500,지에스25 서울대입구역점
997,2025-01-25,19:07,식비,외식,4200,맥도날드이수점
998,2025-01-24,17:37,식비,식자재/장보기,34070,지에스 더 프레시 낙
999,2025-01-24,13:32,식비,외식,36000,일등카레
1000,2025-01-23,19:46,식비,카페/간식,38000,(주)피터팬식품
1001,2025-01-23,13:30,식비,카페/간식,9500,커피사피엔스(대륭22차점)
1002,2025-01-22,20:12,건강/운동,병원/약국,1500,얼음왕국 금천1호점
1003,2025-01-22,20:02,식비,외식,9000,한국수독산역점
1004,2025-01-22,13:40,식비,외식,9000,일등카레
1005,2025-01-22,09:58,식비,배달/야식,56870,대표일반_나이스
1006,2025-01-21,19:29,건강/운동,병원/약국,1200,얼음왕국 금천1호점
1007,2025-01-21,19:26,식비,외식,12000,병천순대
1008,2025-01-21,18:09,문화/취미,영화/공연,600,구글페이먼트
1009,2025-01-21,13:26,식비,외식,8000,천지회관
1010,2025-01-20,18:31,생활/쇼핑,생활용품,3600,이마트24 금천점
1011,2025-01-20,13:27,식비,외식,6300,더(the)좋은밥상
1012,2025-01-18,15:47,식비,카페/간식,9000,제이영동양평(상)휴게소
1013,2025-01-18,15:06,교통/차량,자차/주유,1000,(주)케이엠파크 원주중앙동우체국주차장
1014,2025-01-18,14:59,식비,식자재/장보기,15000,삐삐네웰빙반찬
1015,2025-01-18,14:44,생활/쇼핑,생활용품,14392,GOOGLE *Colab
1016,2025-01-18,10:39,교통/차량,택시/호출,8700,티머니택시_0
1017,2025-01-17,20:31,생활/쇼핑,생활용품,14350,GS25 서울대입구역점
1018,2025-01-17,20:12,식비,배달/야식,57000,(주)우아한형제들
1019,2025-01-17,18:29,교통/차량,대중교통,11300,티머니 시외버스(모바일결제)
1020,2025-01-17,14:19,생활/쇼핑,패션/미용,45000,네이버페이_3
1021,2025-01-17,12:58,식비,외식,7400,미스사이공 독산역점
1022,2025-01-17,09:16,식비,카페/간식,12500,대표_카카오페이_0
1023,2025-01-17,08:45,생활/쇼핑,생활용품,1500,GS25 가산대륭점
1024,2025-01-16,20:51,생활/쇼핑,생활용품,2790,하모니마트 독산역점
1025,2025-01-16,15:38,문화/취미,영화/공연,34200,네이버페이
1026,2025-01-16,15:38,문화/취미,영화/공연,2000,네이버페이
1027,2025-01-16,13:42,식비,카페/간식,46200,커피사피엔스(대륭22차점)
1028,2025-01-16,13:24,식비,카페/간식,5000,커피사피엔스(대륭22차점)
1029,2025-01-16,13:23,식비,외식,8000,동남집
1030,2025-01-16,10:19,주거/통신,통신비,23100,LOCA
1031,2025-01-15,23:04,생활/쇼핑,생활용품,5900,이마트24 금천점
1032,2025-01-15,18:43,식비,배달/야식,72900,(주)우아한형제들
1033,2025-01-15,08:32,문화/취미,영화/공연,2500,네이버페이
1034,2025-01-14,18:53,생활/쇼핑,생활용품,2000,하모니마트 독산역점
1035,2025-01-14,18:43,식비,외식,8300,가산4호점 담소사골순대
1036,2025-01-14,08:35,식비,배달/야식,2500,네이버페이
1037,2025-01-13,08:42,생활/쇼핑,패션/미용,1516,대표인증_1
1038,2025-01-13,08:39,생활/쇼핑,생활용품,2700,코레일유통주식회사(
1039,2025-01-12,13:57,생활/쇼핑,패션/미용,57000,더블유쇼핑
1040,2025-01-12,13:13,식비,카페/간식,1400,매머드익스프레스 강
1041,2025-01-11,17:31,식비,배달/야식,10500,쿠팡(주)
1042,2025-01-10,23:30,식비,카페/간식,8910,쿠팡
1043,2025-01-10,21:13,식비,배달/야식,47870,네이버페이
1044,2025-01-10,18:05,식비,외식,7400,미스사이공 독산역점
1045,2025-01-09,19:37,생활/쇼핑,생활용품,3900,이마트24 금천점
1046,2025-01-09,13:29,식비,외식,8000,천지회관
1047,2025-01-08,13:30,식비,카페/간식,5000,커피사피엔스(대륭17
1048,2025-01-08,13:25,식비,외식,8000,란콰이펑 누들 독산
1049,2025-01-07,21:28,식비,배달/야식,16400,쿠팡전용_KCP
1050,2025-01-07,18:14,식비,외식,8000,로운분식
1051,2025-01-07,12:59,식비,외식,6300,더(the)좋은밥상
1052,2025-01-07,08:37,관계,경조사/선물,2500,네이버페이
1053,2025-01-06,13:37,식비,외식,8300,가산4호점 담소사골
1054,2025-01-05,17:10,생활/쇼핑,생활용품,7350,씨유(CU)마곡센트럴점
1055,2025-01-04,13:44,생활/쇼핑,생활용품,3600,지에스(GS)25 마곡나루MK
1056,2025-01-04,09:48,식비,외식,24137,네이버페이
1057,2025-01-03,23:58,식비,배달/야식,22320,쿠팡전용_KCP
1058,2025-01-03,22:34,관계,경조사/선금,49460,선물하기_카카오페이
1059,2025-01-03,13:29,식비,카페/간식,2500,커피사피엔스(대륭22차점)
1060,2025-01-03,13:25,식비,외식,7900,국수나무 가산하이엔드점
1061,2025-01-03,08:35,생활/쇼핑,생활용품,2700,지에스25 가산대륭점
1062,2025-01-02,18:04,교육/계발,도서/문구,19,KCP-알라딘커뮤니케이션
1063,2025-01-02,18:02,교육/계발,도서/문구,149,문화비(알라딘)_KCP
1064,2025-01-02,16:34,식비,카페/간식,36600,커피사피엔스 대륭22차점
1065,2025-01-02,13:03,식비,외식,7400,미스사이공 독산역점
1066,2025-01-01,18:04,교육/계발,도서/문구,19,KCP-알라딘커뮤니케이션
1067,2025-01-01,18:02,교육/계발,도서/문구,149,문화비(알라딘)_KCP